,0,1,2,3,4,5,6,7,8,9,10,11,12,13,14,15,16,17,18,19
Equity(0 [A]),-0.09390915259937532,-0.001410951681387935,-0.033061022757994545,-0.006607596533633154,0.05195139204164127,-0.05767347497502774,-0.0037755665637609712,-0.0191486759639247,-0.0653990174494939,-0.013507268547271864,-0.0027890993833279594,0.03765576378279554,-0.027945157351055003,-0.010935742688405357,0.06827212616138868,0.03079698564386469,0.008105618913050281,-0.04390044548755598,-0.09362042661472231,-0.1629086608079327
Equity(1 [AAL]),-0.1424186080282095,0.4275186080598847,-0.09475745111246799,0.21464950506539232,0.008575560653836911,0.15551196501307663,0.04822653964204566,0.041200745256191135,-0.02788746459729501,-0.011682506252328933,-0.01960054176205483,-0.04903740849436108,0.04682128721611457,0.11947564302794685,0.22992038341123325,-0.3717732573029535,0.26165102502390286,0.3405653404957308,0.06056035465884404,-0.14091174481790883
Equity(3 [AAPL]),-0.07747253621202228,-0.014729766541270686,-0.008123300678250511,-0.008966047591979429,-0.13051918256786013,-0.07600581988910327,0.024254124889248344,0.08474550595497014,-0.10354503067013715,-0.03378481527656326,-0.048401984681293,0.08108986937367814,-0.051025290541288126,0.07292244969431283,0.1448927690679708,-0.045526827285388885,-0.04101146412428286,0.1226971635627504,0.052702967426555364,0.03938473574016749
Equity(4 [ABBV]),-0.043080332010305304,0.020037438037459263,0.013673567971658862,-0.10221187150650222,0.02328343067385419,0.01436344105464571,-0.03493178459590503,-0.06029539199177864,-0.07371051732516917,0.07168797704784115,-0.046527543367261004,0.008349947852313735,0.09760431085255981,0.024318327242535628,-0.0346539064952274,0.07613137506800051,-0.11310585510709587,0.07026129361112894,-0.0872146222928551,0.08972495950269654
Equity(17 [AET]),-0.0912458599080771,0.006537517332951437,-0.006879661303174633,-0.05548828728421314,0.07693489698359426,-0.04902454837223724,0.07455440854477666,-0.05913954026415384,-0.15636162961721542,0.06789917688019398,0.10304234357082416,-0.15636672549012468,0.2604061823957095,0.0787357874426177,-0.06983562431914685,-0.1475850198724898,0.02511763651617971,-0.1513297806595821,0.3512010605901643,0.10582869078609514
Equity(19 [AGN]),-0.08158817206251111,0.04106976615783464,0.0032171851924912218,-0.15187652239192415,0.012792229642942243,0.036748987632952604,0.0011779699140453247,-0.03894987241133162,-0.05120140789072869,0.0846383726929329,0.0942881091189275,-0.05750459854506415,0.09544116661804497,0.0625921596339534,-0.0032374194320349547,0.11191318243563307,-0.08192198651673664,0.032370804682094634,-0.047747251494672655,0.06340058752974592
Equity(20 [AIG]),-0.13014802831138214,-0.015268110566368565,-0.04340194778154355,0.03602990225348628,0.0745819945114583,-0.06285514333914138,0.07373118750988976,0.011788053618417598,0.10990892785787194,-0.1080891918022233,-0.012589801485429836,-0.05968554281100413,0.021566666695668188,0.007785416092221702,0.019514104641024904,-0.0423842643533007,-0.031754708022837946,-0.0017567614871645265,-0.019061425955572087,-0.01128679210749961
Equity(35 [AMGN]),-0.08328771486139736,0.03480748433548132,-0.03362058969554234,-0.18460562073811682,0.029021351308298027,0.030303299347705752,-0.05849541866868508,-0.09419195766616767,-0.02089735264115211,-0.010708057151018982,-0.041846025361153505,-0.00610987029966889,0.03199998603073009,-0.04765212021909346,-0.026956614732912998,0.029506574760389835,-0.0431836603600087,0.04874313984073024,-0.05034029658337057,-0.03021726121430937
Equity(38 [AMZN]),-0.10290387425010428,0.02925274333919079,0.11749999148312971,-0.09071176746162857,-0.025450581363348324,-0.07412816248767665,-0.05933227002786241,0.1995292027750893,0.013884212901869503,0.07209631163790302,0.008993430531020242,0.0953941024546057,-0.24670095790162128,-0.2091323426620285,0.28614562680430866,-0.2185430057075911,-0.20723722601671388,-0.25934994516992493,0.15120852176986915,0.32139563595874165
Equity(41 [ANTM]),-0.08488123223206204,0.002514175813018556,-0.005895278332375749,-0.04772551654285928,0.06892129333807417,-0.06954861005003618,0.05648041459938376,-0.060399550318629425,-0.11471034113118683,0.04306788832526351,0.10038512437524182,-0.16374679881534546,0.24966327973797756,0.028366314838408783,-0.0536315675348536,-0.1364847215426159,0.06656921191462296,-0.13467687978432147,0.3264069619899266,0.08557186552541698
Equity(45 [APC]),-0.13464575007339913,-0.17721594325792714,-0.009357273639002326,0.10404165135106647,-0.013755716931318218,0.1837485224405505,-0.05012914789886044,0.016943862823982747,0.0028530031475115895,0.04042460309468555,-0.0011317411541520838,-0.08319681170581222,-0.005670505779767049,-0.12958147963331135,-0.06502272025918471,0.008176760515994641,-0.02804245439366757,0.061354357796752516,0.08873229840200893,-0.06580531396970571
Equity(52 [AVGO]),-0.12826203904327782,0.006640875918498781,0.03583675229186169,-0.005260150578510953,-0.33944281881717286,-0.18004621578715857,0.02733330858558176,0.03429515272917673,-0.13908906910119379,-0.18096567470360256,-0.12349021869412298,0.04743670254121145,0.09465337828002357,0.007656263805450841,-0.15411816841202106,0.014258092463212343,-0.0585387329164235,0.1308585158622663,-0.02310837930067311,0.02710419916345394
Equity(55 [AXP]),-0.09584476003811722,0.0023619780297813218,-0.033946695463678976,-0.012783962836452549,0.06313912324569397,-0.062187862551833784,0.052674493323009386,0.00036397523689496447,0.03935467938137445,-0.01858718816636591,0.021019352849132037,0.0037285397708701207,-0.015085957573587383,-0.007764354545146582,0.01309776343416802,0.012716605368804416,-0.07540836848386138,0.012571037341390357,-0.04028417780602947,-0.019939450567923178
Equity(58 [BA]),-0.09390915259937538,-0.001410951681387831,-0.03306102275799445,-0.006607596533633313,0.051951392041640905,-0.05767347497502723,-0.0037755665637609903,-0.019148675963924888,-0.06539901744949408,-0.0135072685472718,-0.002789099383327831,0.03765576378279552,-0.027945157351054982,-0.010935742688405456,0.06827212616138875,0.030796985643864808,0.00810561891305036,-0.04390044548755617,-0.09362042661472264,-0.16290866080793281
Equity(59 [BAC]),-0.1523385882764987,-0.007511032624849908,-0.06211594650395855,0.12707715843511808,0.13099959886266604,-0.12971208940986345,0.22813255153674794,0.025789099592367193,0.34655314409079,-0.2037817673212111,-0.006501814829144797,-0.011030628789230723,0.07698074874111027,0.029103925965265044,-0.07807038108100686,-0.016923362848473684,-0.14798335706499252,0.056082701534601376,0.008470234564918702,0.11416592612293486
Equity(66 [BIIB]),-0.1026639310297233,0.03505698551763484,-0.008882288722002423,-0.2631686027250988,-0.001284095503500241,0.09453672894758988,-0.06801593452794691,-0.12901468351691583,0.011646854638375198,-0.06947616829328215,-0.05964116035704307,-0.11667505277545587,0.059471188616364884,0.09596789358369612,-0.03295529162271543,0.26303105169140784,0.12689160388607432,-0.041134053341536206,-0.1624149989709331,0.12784915446642459
Equity(70 [BMY]),-0.06688464890507051,0.02016020597437388,-0.025394809226942077,-0.10941120570767124,0.0674971352006839,0.0009105469538778662,-0.02410701342925932,-0.08548368400359121,-0.07158307797955786,0.033690026445112875,0.020615374228144967,-0.01690338275951464,0.07219919917448572,-0.03386878224783314,-0.0186686540944328,0.047785535061827394,-0.06844826125731879,0.02794665447106033,-0.06526081650149096,-0.01787122473355124
Equity(74 [C]),-0.15442325682522934,-0.009063415141084814,-0.06044058697140276,0.12334754278540547,0.12055387821509041,-0.1266946508930606,0.14847433943688054,8.313782830789845e-05,0.2640413837830033,-0.14829786429129643,-0.009962729568440507,-0.016793715376088453,0.03198736062128443,0.02566618406078236,-0.07088129824558739,-0.02566378490704445,-0.11821784920723297,0.017472698090997538,-0.025151049646575552,0.07332130130229281
Equity(78 [CAT]),-0.1135468817255907,-0.07421524137942469,-0.0080276772810952,0.07268476996023476,0.011476746195716815,0.021047939692948405,0.008282021296618147,0.0026561265010446033,-0.01666920803130114,-0.037561616744688386,-0.025949410073771606,0.0709870067025444,-0.036825020995721255,0.05439184728891404,0.02863294791432955,-0.024330949044866365,0.06641101725334879,-0.06609079708943043,-0.005893370283550695,-0.09542905559251925
Equity(85 [CELG]),-0.1035573094132118,0.03690473746505283,-0.015540721807670252,-0.217275932038268,-0.00048049164123111106,0.07367202398788118,-0.0895633221248926,-0.10190437523246164,0.009576726979665577,-0.007847896724385801,-0.12208579313389892,-0.007397844455445141,0.009952643763047109,0.006030752926965255,-0.01383494352193515,0.05503395871272741,-0.11530528858964333,0.06452650076967084,0.002685224600252778,0.06072712021769222
Equity(98 [CMCSA]),-0.08823403751467412,-0.014154479921222053,-0.030575882847605772,-0.021296674749945645,0.05171255274939162,-0.0508033743237937,-0.024449010745978772,-0.01568836215041225,-0.0517604734435348,-0.0027302086024428296,0.015426332450759805,0.010762218521777736,0.006559951090972682,-0.002119385355480091,0.0120416628707892,-0.00032667072687107834,-0.011660302782923538,0.009053023747655455,-0.04836040538719422,-0.0028882239594970605
Equity(100 [CMG]),-0.0831087277210641,0.023996803786456716,0.0527130239978546,-0.061402945713272226,-0.011572453781440442,-0.05280380335645067,-0.014477963767166258,0.22432839265729276,-0.032959445222784364,0.07942612932885207,0.09441764643790568,-0.055763714359598815,-0.30516366093376696,0.2454041681780281,-0.3288027228455665,0.0017940930821350246,-0.36699100759019915,-0.00988610047334211,0.2828952488353871,-0.4816628384542793
Equity(109 [COP]),-0.09337170180565654,-0.12997599361004394,-0.005746511065221347,0.05529592256785524,0.042821175430157135,0.11762429037708362,-0.050902172937360934,-0.006586373581190935,-0.027728441345314395,0.0469301205693653,-0.01808730973799797,-0.01502750123903046,0.0450712007650797,-0.06940432258017148,-0.00863343244320472,0.00010099882250907966,-0.007280421170364735,0.020367724616138498,0.0058153814580011315,0.008383276855878419
Equity(110 [COST]),-0.058742960545015266,0.008680312822469598,-0.026963138694080697,-0.031645499673121816,0.05770034476592941,-0.06518767276248634,-0.014768083462826476,0.0035787908267046527,-0.06078240092147677,0.0344105942319978,0.03426793839751063,0.013645390076469838,-0.04201531243527096,-0.03394152270328555,0.038675271536349365,-0.020720114081201918,-0.028514843574927645,-0.011154689639798737,-0.04837535381389879,-0.027310235183765935
Equity(114 [CSCO]),-0.09005024177357025,-0.02972572967514026,-0.012935358553370874,0.0291609997852652,-0.019236141605450324,-0.15322395353422721,-0.03443741622969748,-0.06561073349064155,-0.007781897745366702,0.07751454275981198,-0.08690841954991546,0.22665663571190775,-0.13724220768517392,-0.07737269259450086,-0.22444496589868307,0.1726103998772696,0.2615713459420645,0.1990842042428929,0.2644674403154886,0.14356116807298872
Equity(121 [CVS]),-0.06984537098816496,-3.383415358310694e-05,-0.0313901760651839,-0.037333623902591664,0.06165686840350323,-0.05078703735446795,-0.015895102106917632,-0.030592480176188215,-0.04613859337873124,0.027134073972985423,0.028573475655656932,0.012470940142643855,0.026513339548550702,0.006386575650419196,0.016246133118423087,-0.01808314485603448,-0.025540569558727355,0.008819982552696552,-0.019615765612374797,-0.058846873934581614
Equity(122 [CVX]),-0.09206275177099459,-0.11129112518237834,-0.023124701502529987,0.03654685018209867,0.03593264809945852,0.06881612456313524,-0.037698630259922004,-0.019950995029310244,-0.026548860889924912,0.04167457050021457,-0.03888578971816081,0.016804884197753847,0.02106059748810926,-0.0581214987471244,0.02506815836266249,0.0005830488944095422,0.010338077588353985,0.019093717916952913,-0.026134494486227344,0.0009561507060499574
Equity(124 [D]),-0.09603444257944613,0.04022268168757299,-0.006731774298208087,-0.25845669593691095,0.03844446709894381,0.14949446410346504,-0.10677525100402036,-0.17214308981989784,0.17866781326570613,-0.07326968108095336,-0.27023018173516883,-0.21351932660729186,-0.26075756320208493,0.09854207484186245,-0.044071442733251115,-0.15827329038832613,0.04758020994314625,0.01552325655257833,0.07892812705623709,0.03765515165814784
Equity(125 [DAL]),-0.12715757958128654,0.3317723505769332,-0.07284029500452201,0.1476005046008845,0.009756281870724182,0.0962052390375514,-0.08472508390887004,0.006155443606734251,-0.022581406128147033,0.0012140940814102854,-0.01501708433808692,0.018829874860923277,0.02765961782217191,-0.04784212502088192,0.00891632302714742,-0.057611877500648855,0.04715740621752306,0.03404939001414414,-0.05642833820157256,-0.12073337168039593
Equity(132 [DIS]),-0.09360219487181878,0.004732241140827626,-0.032989098680106875,-0.015596198370833427,0.057951609130062254,-0.06039513128806936,0.005355314821072155,0.007761386421210221,-0.015143699327062835,0.01809971120192249,0.01277841195729218,0.018543621876494845,-0.02951526834834256,-0.03973145783608151,0.01127839869855847,-0.014362014005738367,0.00961938738605797,-0.016185334079070524,-0.07307389591962854,-0.043561109430708955
Equity(147 [EBAY]),-0.10795717531890424,-0.002239015843663272,0.02106778214936009,-0.03259697497472824,-0.04406828270259181,-0.0897332272729081,0.01152326219684785,0.07971024065491679,0.005544884826140237,-0.04505506730633389,-0.03411754497700978,0.017898827503778057,-0.14696398978579478,-0.08965902725868961,0.23215061272128745,-0.22343141836091193,0.05345436030802893,-0.09703295290294339,0.01835815943503271,0.07333274551790955
Equity(155 [EOG]),-0.1302715781805601,-0.1817965858485146,-0.0031659458070172663,0.0879930919609467,-0.017039451451523066,0.18961666916517156,-0.05463304181256901,0.0567933310565984,0.0010729835109247723,0.04373950355686434,-0.017141628439526924,-0.09320210416529445,0.0057384951311391895,-0.2277728420383163,-0.10870252478920125,-0.01721558107323387,0.04959470044251288,-0.028479645086096433,0.008109675014592602,-0.053829802183677125
Equity(160 [ESRX]),-0.08108198992617595,-0.006935398702656867,0.0007834693566756679,-0.022791719469655747,0.04250592693375921,-0.0541197889039659,0.07686829191191298,-0.046092436647171886,-0.051584842566380844,-0.0149002189962852,0.030640017501476734,-0.06544508427403278,0.10556076933019189,0.0008905629423272693,0.07040661079222629,0.06176648190120981,0.03656198900766372,-0.018054800935457027,0.04740316994248006,-0.06108779187628326
Equity(173 [FB]),-0.0519202419073894,0.07795680290880216,0.06174832918866078,-0.18164001643520575,-0.08353117458095663,-0.0038928139545531823,-0.004294276745146793,0.38444440050730133,0.272022284500688,0.3574310995333402,-0.4925666494912684,0.12559567692597795,0.45154738957869367,-0.026761731792822662,0.0916662405175578,0.06675418369345121,-0.03778249784625054,0.06318685175330559,0.07032634163096069,-0.1875342632899597
Equity(175 [FCX]),-0.1599574087553548,-0.20006262147428722,0.028928544542681376,0.16066533691171317,-0.013938931564241976,0.2686067844042603,-0.05742482777762002,-0.049119893750827946,-0.10387950396641973,-0.019019594511979196,-0.17169381885311258,0.4574904352438102,0.07465877843320022,0.5953889563808745,-0.029322381599447143,-0.11287863588685276,-0.04621167247694434,-0.26590029077074434,-0.05370701715081436,0.1420840874303339
Equity(176 [FDX]),-0.101246429555224,0.020100947755244677,-0.018701873394095066,0.02800730769808424,0.03957238136869027,-0.039831235229457716,0.0018475773672471125,-0.013722907267586591,-0.0004610586326695109,-0.003618225470460148,0.014519644066537907,0.031466160518839444,0.003406519200344771,0.00592341016454836,-0.045954547019971155,-0.02569671165242296,0.03795736473593514,-0.05584727291776824,-0.07713953940571437,-0.08882978238536461
Equity(188 [FOXA]),-0.10864974154525012,-0.013625095876872077,-0.03679525109197658,-0.02414420128462357,0.05122558114682351,-0.0710889900151669,-0.04519788546760694,0.04291592643368502,0.008710883521330405,0.020015223558724902,0.08275027345169024,0.011346623917740025,-0.05888477677576291,0.012646862416849043,-0.014909705244784681,0.005660935281247642,-0.006093598574981832,0.043273608476787344,0.011493410338199178,-0.04811243037046277
Equity(192 [GE]),-0.09433084877860773,-0.025034994530764784,-0.039831653524721636,0.025076370038339242,0.047380469780259137,-0.04218538115635698,0.008945554646415887,-0.0193504856030004,0.005592575293918524,0.006014307812949672,-0.004615930517123499,0.04842046670561127,0.0019753094021443427,-0.04233824000329137,0.04967972152292705,-0.014727976551892091,0.010461716543473257,-0.00021411897157544435,-0.02580107813339253,-0.06289794737625759
Equity(194 [GILD]),-0.09603444257944613,0.04022268168757299,-0.006731774298208072,-0.258456695936911,0.03844446709894383,0.1494944641034651,-0.10677525100402034,-0.17214308981989784,0.17866781326570613,-0.07326968108095344,-0.27023018173516883,-0.21351932660729195,-0.2607575632020849,0.09854207484186231,-0.04407144273325102,-0.15827329038832624,0.047580209943146407,0.015523256552578347,0.07892812705623724,0.0376551516581478
Equity(198 [GOOG]),-0.02854876866613714,0.02040240165214271,0.03037266569847347,-0.05610832869328727,-0.0017660882930760104,-0.030381644247199226,-0.008494393957115065,0.025081725325163607,-0.011436183167702191,0.0727843117845956,-0.057301301400176675,0.042659485111706245,0.011427021652594556,-0.047737260941041436,0.09181712904888592,0.014510291516627055,-0.09102689021905191,-0.04536873117643309,0.022832801748374095,0.08368553714819899
Equity(199 [GOOGL]),-0.08553515498392184,0.0009848156997503768,0.04406299892584608,-0.058437094521419375,-0.0045169003257628845,-0.06641799470572878,-0.020369934383580354,0.08787440639201227,0.01077226519284979,0.07765741768825073,-0.03556546996827831,0.044224425736806704,-0.10198847195867153,-0.08064694040429943,0.15116073659534812,0.03024541736327424,-0.1596912131267755,-0.1263121977113185,0.09034886958320314,0.05635788633726971
Equity(204 [GS]),-0.11837333427892936,-0.01632517123734528,-0.048743102523632294,0.06462770295625173,0.0864427367987493,-0.087796282867108,0.10092171181925697,-0.018541588506635575,0.1730953005234677,-0.08933951228373974,-0.04984566224205396,0.015758605828217382,0.03843047722142208,0.007745918392291483,-0.047204070886237494,0.051604151830787516,-0.08158956305562254,-0.012975154872809595,-0.03102665106881019,0.05671815381588215
Equity(207 [HAL]),-0.14038323305246528,-0.1673445468931684,0.010463776026526282,0.12257532510132926,-0.04241150230091573,0.18200697396135884,-0.014014569289935528,0.075159551603977,-0.007013344573804541,-0.002150644553965039,-0.03136856022482162,-0.0560145754317102,-0.019104817254112626,-0.07114655437689833,0.0022387909641675696,0.013419011358505845,0.14040783813369556,-0.12485922289611771,-0.04568805876358607,0.02606510615753785
Equity(214 [HD]),-0.07784933153210274,0.017160865004590076,-0.02375405072507634,-0.026550857656563648,0.061468857412919596,-0.07683181784226435,-0.05106991610808492,0.0068586465988790075,-0.06150381390950382,0.027655141282603848,0.04870941075572764,-0.022627055141771442,-0.03192154600873949,0.011282502866688958,0.0059429624207845005,-0.019149483390165034,0.005070917929605831,0.0016159476694818029,-0.05330514136618844,-0.015324892630317447
Equity(220 [HON]),-0.10664828950406226,-0.020616424472530086,-0.03476491227322052,0.0012610854761529176,0.03423641241376708,-0.0364704372653876,-0.0031917528426595836,-0.005735878652207296,-0.036526659322560336,-0.010717724871198682,-0.0186276501559711,0.03661416380976313,-0.012882709626225003,-0.012762031082258728,0.03424514537212313,0.0037511157013286334,0.06146527349543052,-0.04243471482625,-0.06083043627645788,-0.06922747764331479
Equity(231 [IBM]),-0.06975655588247406,-0.023759289524282197,-0.018483573745641538,-0.01503132613440914,0.01124658547147602,-0.061872226105478906,-0.00811540148258881,0.0007498848508124387,-0.05817490075395786,0.02358689722438219,-0.02215602529667727,0.07690048086294053,-0.0357274558814105,-0.04194397151258577,0.0315872221398331,0.0007651788985603702,0.05920254023170064,-0.004011762787486231,-0.011417607655828915,0.02508714740399412
Equity(235 [ILMN]),-0.11944548755282557,0.10148832867981228,0.02142837956976789,-0.1588492834185487,-0.24828881579067638,0.26698922755865717,0.7900194425156102,-0.17366904841676467,-0.09084537616623121,0.20893307515642517,0.026010665102126088,0.14517189765138305,-0.17931622960768112,-0.11022851085255342,-0.021118797409058837,0.011006461339746976,-0.034362473984447195,0.004173395903127403,-0.04465225442994708,-0.026415708852515735
Equity(238 [INTC]),-0.0840883303386756,-0.005796929246624877,-0.017079721325829758,0.024039702025049844,-0.08363804732152733,-0.09957961173411584,-0.07695814847008085,-0.06520734141920972,-0.044931620313770425,0.030894894801192275,-0.054022218175802404,0.07266577545444249,0.003691952807743326,-0.04659799169226079,0.0010015689833469399,-0.0011089172015101845,0.06418874582837886,0.02985109361147567,-0.010746551458325291,-0.05544919785723096
Equity(251 [JNJ]),-0.056997639393293435,-0.0014432048780632374,-0.025655139852497563,-0.05241521454543093,0.05293559717026042,-0.03466564372292336,-0.01097456231742764,-0.05104891085502767,-0.056277678408490246,0.02542035687151252,-0.027020339925288392,0.01349478912187477,0.014934220005680583,-0.02560487045300719,-0.008967507764666097,-0.001146012143827905,-0.017562096637363293,-0.0008616093870527433,-0.04222023735751092,-0.028505277797770446
Equity(253 [JPM]),-0.12211959455265979,-0.016574947982532555,-0.06818693617003568,0.07541245114569572,0.10904971819512936,-0.10437199954235318,0.12681797961554875,-0.011082523212505134,0.1805849560808733,-0.08687450493581886,-0.03193583231416018,0.008745030026902637,0.04242345068215621,0.0023013921038235177,-0.03276540257746607,0.017697174682003665,-0.06878474188048195,0.004604132304736566,-0.025943303624380496,0.055012150548306105
Equity(261 [KMI]),-0.07384349742251882,-0.06291184204376471,-0.01660224817257513,0.026976153328796618,-0.008201350011351865,0.12869339859132226,-0.05541890099140683,0.06953190857837531,-0.040363631687949875,0.04950133220627517,0.12146483339135625,0.006691594837643694,-0.03133725588475916,0.0707489177453611,-0.0690668717817225,-0.015301960357317873,-0.22863031177465612,0.2621381310299241,-0.04053095795258253,0.14729472210296382
Equity(263 [KO]),-0.051191241665266875,-0.011895148825405714,-0.032986660997495275,-0.017954966476085583,0.05872774641113838,-0.03629485345143847,-0.032345063107156236,-0.018280095430113472,-0.05860262991180607,0.04057963851701466,0.0025331897121852317,0.019226288258961232,-0.03273454941089976,-0.03749905930217663,0.02390651704304461,-0.021887684548193162,0.004233301526655027,0.03760989082518777,-0.045257680663925146,-0.055152747983090666
Equity(268 [L]),-0.12077927018691495,0.4267064816024597,-0.053593479015125144,0.18164398168070217,0.01762344310448619,0.1507765722736553,-0.1265777744509389,0.030129602519272748,-0.03791899652404608,0.013607640879166672,-0.0028836710817551226,0.024628111675785044,-0.03242387536062641,-0.09032223036574889,-0.13717452470813657,0.2075884024618287,-0.09661331989389546,-0.19910292272501068,0.026724005416456892,0.1337747731956745
Equity(275 [LLY]),-0.0635755307262913,0.006814208068948296,-0.035249841778283365,-0.08142212634201604,0.05514739488046633,0.001998869803883505,-0.01747247224427981,-0.09188960242615939,-0.061894262361284064,0.037091161277918595,-0.0467418358653054,-0.004895044729385448,0.04274357032972358,-0.02786502476842917,0.003416091629584471,0.036429332038386886,-0.03201288418444824,0.018357315489644963,-0.02928337873215008,0.0190603282356697
Equity(279 [LOW]),-0.07967953363957318,0.009947460257866454,-0.011755581761668717,-0.025168576067351636,0.07740772880105401,-0.09015813575894724,-0.040458493799935324,0.030625557751818952,-0.03220396699314516,0.06089358075687565,0.049158655323182004,0.028857584883117016,-0.01611595342969744,0.016310291923393477,-0.038310201594087226,-0.03501253212174445,0.03602676073380812,-0.02838187778164734,-0.041300635372376944,-0.013359447944284654
Equity(284 [LYB]),-0.1526981487015154,-0.1114735850596529,0.021584710585769634,0.07606147134477957,-0.013674834430280386,0.09587004570928473,-0.006374189265083772,0.04868812032807533,0.012496770553029503,-0.09260587600384228,0.03641824592826497,-0.03911811318910918,-0.00882284557500568,0.12033490645481784,0.044959112426261286,0.009536908606008199,0.09076921099543808,0.0015226853883949613,0.1316935925881453,-0.1473493748460534
Equity(292 [MCD]),-0.049663302488900225,-0.0055310991472215425,-0.018333030823785443,-0.03029028232474624,0.026360345654142876,-0.04256415768769555,-0.03299343212220174,0.026661600715164255,-0.06966090948208246,0.020827342861518213,-0.013502377041915594,0.032525492504002135,-0.03663536463704438,-0.018279791237476996,-0.003524486705470101,-0.022953581714156852,-0.017562044845990776,0.021944130441977037,-0.007553759943650111,-0.038487431119185
Equity(294 [MCK]),-0.07703255113875071,0.013362720307094247,-0.003840771419216709,-0.05256992439291047,0.05898607260972187,-0.014167745969651528,0.011299275318217315,-0.034335432296078834,-0.06741937672701223,0.06730626984216216,0.04301506443183535,-0.037270977437626,0.06024514515671425,0.022195195332560983,0.021198205038775036,0.08487157154452224,-0.031070595264581495,-0.027589513474895154,0.02970359606547817,0.009116712409997445
Equity(296 [MDLZ]),-0.05844109599347704,-0.014197490945828594,-0.02119962483792487,-0.039353755481990084,0.06421834868297788,-0.02823455806836577,-0.054450730658274604,-0.04065622520294877,-0.06566608049119436,0.05838699869365933,-0.02001907156066466,0.051066498069214136,-0.008605045162894127,-0.043503668134499164,0.013494258556045677,-0.024924010004867728,-0.022217451388594725,0.036911736123611864,-0.07417149344365681,-0.052660083806051056
Equity(297 [MDT]),-0.08506767433524877,0.0026515944453158334,-0.029328781756222614,-0.05589050831274176,0.0630137930029341,-0.04366785637897076,0.0014648110916480404,-0.08019505008523824,-0.06784752595890267,0.022490978668214305,0.00934883326635751,-0.02370960792838469,0.05008191621652184,-0.020839956343852155,-0.013730930989239533,-0.045129629957459186,-0.0019878386042952584,-0.0016594513303079574,-0.012851387357240803,-0.041170879798837726
Equity(305 [MO]),-0.04748856858347721,0.0020624058731774854,-0.024899123191934658,-0.039222132636642634,0.08100478540235868,-0.04565481434375765,-0.036198457628652106,-0.03155130249897837,-0.10263702526589996,0.0337579471957675,-0.011052056341187853,0.04434267531166424,0.0010833141681200328,-0.05377067408391971,0.031697132159046106,-0.03024388545709389,0.0004559297935949544,0.06577095061757798,-0.040573349216744874,-0.06080429984068324
Equity(306 [MON]),-0.09266427774277197,-0.02648061091090139,-0.014353296340517175,0.009723402981171483,0.028337212913846367,0.007957830914561427,-0.006908399108767413,-0.004584911789684936,-0.053595142437144506,-0.025998091599907226,0.044281513064891344,0.0022297441959355743,-0.001910259285290808,0.0040623434337339805,0.053423912211443894,0.010259281263167962,0.05751034745846496,-0.005323280266889496,-0.004693828073718022,-0.022639602154887067
Equity(309 [MRK]),-0.06732417944768852,-0.0026137671390064877,-0.02049108139772971,-0.0669215325035065,0.07016301349515457,-0.03035127245163705,-0.027112422087111253,-0.07817975482104754,-0.057274195466940535,0.03416728257142983,-0.04282532908204,0.010903835603327725,0.04819115696925136,-0.023780878169716513,0.00548117184506091,-0.019734433878505257,-0.014194137577976801,0.0443629189200028,-0.03501909946177276,0.023721660561077558
Equity(312 [MSFT]),-0.08352779096347991,-0.015218253409972786,-0.0041575377145923005,-0.014191157550309736,0.01745596556496574,-0.09147932562280268,-0.019103210724311547,-0.008562682207227721,-0.050829196558189044,0.05523122356592021,-0.04547476992397984,0.11627904753959088,-0.06624654017013931,-0.02341885943797798,0.06818794824728859,0.009303521143026447,0.024611312733769874,-0.004562383657151434,0.060312786671773616,0.06337094218136718
Equity(316 [MU]),-0.17043001853125941,-0.006264842993038401,0.06866898560821885,0.10205417471882147,-0.43345007359041915,-0.10253780991429406,-0.24085195636262757,-0.3924675315920418,0.4477798556615594,0.3856192227895859,0.36003256535185063,-0.002576423214673238,0.047570556651737345,0.07634572511912814,0.10241113586981902,-0.053329504339634654,-0.028879527601464006,-0.026979722442137744,-0.012676611393171312,-0.052998152256582914
Equity(317 [MYL]),-0.10958298280823865,0.018793454369265935,-0.02918114488426821,-0.06887770393258574,0.034257448984942644,0.04857329734323021,0.04515224567722692,-0.11340499891337588,-0.03225466031634686,0.0505223492108165,0.09959426798278605,-0.09606442265840844,0.12505086550727434,0.12120427519698233,0.0038917673210086753,0.1576526130521688,-0.09000532887613209,-0.03662756234522044,-0.02678140827015662,-0.05446142387428179
Equity(323 [NFLX]),-0.11999476265644601,0.09313816477545143,0.941161396492682,0.07796063698410054,0.19928901995544776,-0.014658079305126763,0.02155744216684871,-0.10205016955423277,-0.016513556412652387,-0.07460979678024517,-0.005462540080009568,-9.184693485122925e-05,0.04406353736470596,-0.036352249153648625,-0.043427410354589746,-0.005287957661781112,0.03386967231953393,0.07921898573986302,-0.0677087337904419,-0.03876254001012938
Equity(326 [NKE]),-0.08200820844522036,0.007824625367570988,0.005304421468020004,-0.06274025265512466,0.029601973474541157,-0.0807520363035566,-0.01387646967024052,0.10964182941679683,-0.03548363452347063,0.07523374034091475,0.06897533851725159,-0.0632855441277119,-0.07347512594615957,0.09002429107664425,-0.042787931749746724,0.005906937976838958,0.12591968924245794,0.01562723242584646,-0.10943100070899182,0.009489622417449021
Equity(339 [O]),-0.09005024177357025,-0.029725729675140252,-0.012935358553370878,0.02916099978526518,-0.019236141605450317,-0.15322395353422721,-0.03443741622969749,-0.06561073349064157,-0.007781897745366709,0.07751454275981194,-0.08690841954991546,0.22665663571190783,-0.13724220768517387,-0.07737269259450084,-0.224444965898683,0.1726103998772694,0.2615713459420645,0.19908420424289303,0.2644674403154887,0.14356116807298888
Equity(342 [ORCL]),-0.10265024188618763,-0.014905633787635954,-0.013803275682004965,0.0064805160165315725,-0.002015123082886007,-0.07881741666210176,-0.011912740376716366,-0.004974454958865672,-0.01894859343488182,-0.0034044048694227254,-0.007283355536025634,0.057361845248913655,-0.0793918885542405,-0.01699749555922153,0.00533867266199547,-0.0037194419501134814,0.1136570942686303,0.028835630978089062,0.029696020724773328,0.04415935207291889
Equity(344 [OXY]),-0.11570380976339038,-0.1411880979370221,-0.012475007445555826,0.07944936839963886,0.010801471859357842,0.10492811238785665,0.012469016841228739,0.0019694354971433654,-0.012011166538090366,0.023340470362297906,-0.011107469848090048,-0.03776037150702973,0.0032749569412445865,-0.047481534971880276,0.008337773239570159,-0.01885283472287101,0.042889522389133995,-0.019409894739883866,0.014392783229901382,-0.04136127653242896
Equity(351 [PEP]),-0.04455591830911173,-0.0030858536176345745,-0.02957653824828338,-0.027199666113298535,0.06417945662348698,-0.047064045008460835,-0.03171528003569654,-0.04045138959695089,-0.04169779649670368,0.054529510621079705,-0.015340589301146611,0.035401154393615714,-0.015615193758367969,-0.03839277161970524,0.005863526018241366,-0.014186203291064346,0.004474975236618842,0.03322585150764162,-0.05740843161841666,-0.02501338773101068
Equity(352 [PFE]),-0.07057101841608261,-0.008484776514230522,-0.02885277362341734,-0.06648655738877615,0.051209060463515546,-0.020405144776973475,-0.022463409743364887,-0.0632795696340059,-0.04721243114946417,0.02578990309306928,0.0038911588311750745,-0.0014229054732813988,0.05802238066840984,-0.00912460985441553,0.02612575241019959,0.01732590255241663,-0.028679386321408838,0.01596696768271732,-0.023537045580201456,0.007846365865353906
Equity(361 [PM]),-0.056487656473923877,-0.020413276840019548,-0.014735852506239478,-0.030488530992740875,0.07719655298590371,-0.027813897733405268,-0.011160387634328918,-0.03189634225044841,-0.0806155203217234,0.04591894707668575,-0.0056456876309649625,0.04176858259835374,0.0023993085831922464,-0.0323646228693201,0.04319367325557179,-0.023450448948512753,0.012437651165887055,0.05864305375844961,-0.046319344075126126,-0.048483193873670935
Equity(374 [PXD]),-0.1464805666912429,-0.2069845190217995,0.00702227284164388,0.0878132579917567,-0.04676409902589894,0.24382807101420684,-0.038962656835656105,0.1408071280736471,0.022277254734405207,0.06851136243991696,-0.003481328384642323,-0.17030066440817485,0.03718469801203646,-0.333504633628329,-0.15758537298125141,-0.029880310519049817,0.02421850053549361,-0.08523343878715377,-0.023448979720012742,-0.06042756658072816
Equity(375 [PYPL]),-0.013338129702174267,-0.0003326671518124222,0.0029372683916595544,-0.015658889615054575,0.0007604912723061748,0.0007035326669580231,-0.006254378571415586,-0.0037824541826875684,-0.020112590198433422,0.020954064286070766,-0.022568296925065855,0.037946121923923694,0.020528330396284638,0.0031506348842555458,0.013747601430416184,-0.021770609393546414,-0.0269540916678011,0.009920999177773244,-0.015967669247044874,0.04180538118594956
Equity(376 [QCOM]),-0.09434990365235521,-0.016766577275232196,0.006397793983732871,0.006230614700503307,-0.1042558089553256,-0.07846040599079038,-0.02190768835974551,-0.010582496143453217,-0.058511244884364585,-0.0358710328601122,0.022256039545251356,0.07322808322272616,-0.0365327887021243,-0.058682624010321545,0.055413092955106234,0.06006319776224628,-0.012645648281758536,-0.03027343112762767,-0.07594616097342097,-0.030436476120250112
Equity(381 [REGN]),-0.12004724824381,0.06781904509030721,0.010319419605269718,-0.45157937417909194,-0.10199798121842163,0.21742030263229117,-0.10799172608502332,0.20178646002620515,0.16278409475190572,-0.4374659028364496,0.41792330133220645,0.36671205235228643,0.17483377950417692,-0.12906105003189733,-0.058958670722862705,-0.06746715337848674,0.12711476502369967,0.00803417634642159,0.05563774725134427,-0.07169840837049732
Equity(395 [SBUX]),-0.09045837980355392,0.025314931270470332,0.020647667829137118,-0.06572825081216446,0.032489242102648565,-0.07304360347910886,-0.03976346359775002,0.12412743623228334,-0.053317579889881894,0.05889847137173169,0.07773896451055547,0.03761334129496051,-0.11412382029970679,0.025250669051269995,-0.05349246713558736,0.003971379031540684,-0.06601384279314798,0.0187006419779598,0.03606104083001817,-0.08761300088462787
Equity(397 [SCHW]),-0.13110029853330504,-0.0032198597547811766,-0.019292623101550384,0.02415868778069513,0.04031135899904376,-0.10158267487325365,0.06432940255595503,0.03294416087035401,0.12426323997771775,-0.05169654188385489,-0.04266982731616377,-0.05011652520498735,0.005010557907152606,-0.04092259922789079,-0.06318075644634397,0.0416257920061207,0.04816577996147928,-0.08357651308840132,-0.09748809796394087,-0.0012901442834671387
Equity(402 [SLB]),-0.11782953173543952,-0.13872368570970967,-0.0050281001544590165,0.08611804930885056,-0.00420104071883219,0.11439415680592609,0.006305282432616597,0.018724141529330746,0.015932967987787826,-0.019581837090556806,-0.0266169022221822,-0.050976391639718635,-0.0072968183703394085,-0.07935010701792257,-0.004906486121971417,-0.0011168212583945094,0.1047109542992402,-0.0652869058914743,-0.035217997657705905,-0.028873231982757895
Equity(417 [SWKS]),-0.15901804287648572,0.0205255226263544,0.04931919832849102,0.05745158109358453,-0.5417486147991185,-0.18923758203183788,-0.028562379172669145,0.021083578169588026,-0.24571024792540833,-0.3386417468771756,-0.18156547994257358,-0.2844821184788382,0.08703377496590269,0.020691652583292433,-0.008123506184332635,0.010560693750497563,-0.10225423389442166,-0.025670215078522657,-0.04126440556743936,0.019704666396696748
Equity(422 [T]),-0.08506767433524877,0.0026515944453158334,-0.029328781756222614,-0.05589050831274176,0.0630137930029341,-0.04366785637897076,0.0014648110916480467,-0.08019505008523825,-0.06784752595890266,0.022490978668214284,0.009348833266357524,-0.023709607928384682,0.05008191621652184,-0.020839956343852183,-0.01373093098923954,-0.04512962995745917,-0.0019878386042952306,-0.0016594513303079626,-0.012851387357240777,-0.04117087979883773
Equity(426 [TGT]),-0.05566785797248064,0.015447156589481103,-0.028179269950664245,-0.008038262693160618,0.07079275510384035,-0.06678549266246053,-0.038276876667383254,0.0012289399322664284,-0.05096123229314587,0.029205154747507532,0.042508822689676665,0.012853882466777137,-0.055721068292150816,0.015196446797411257,0.01231811214632525,-0.03860945377206398,0.009756202289675725,-0.00015903417115858878,-0.08152106655725949,-0.010578334379534
Equity(437 [TWX]),-0.0915788439881271,-0.024469171000323413,-0.0409584729085982,-0.0028803142402475577,0.026061238622990247,-0.0358846028026358,-0.01507805630429335,0.010184806345288015,-0.04607483762923592,0.04565840183511612,-0.003400810953892768,0.017146073744184077,-0.022658991017903342,-0.0011500191125077184,-0.049358049678769056,-0.038480483542549404,-0.03738824287317167,0.04001540779109956,-0.09727861225618573,-0.059381392299705085
Equity(438 [TXN]),-0.10399593531787373,-0.016209940622121992,0.007526672489149351,0.016176800133333905,-0.13849289598807052,-0.09087686222132473,-0.054375840651193795,-0.04801122236651878,-0.023557312453922057,-0.03328642247909431,-0.06039416331848243,0.06577397854668732,-0.006833022665635836,-0.05241279210595699,-0.00766660146072165,-0.03518791991785124,0.04209222234423396,-0.02740567137612247,-0.011615439047386683,-0.05134414662703583
Equity(440 [UAA]),-0.12505169195193627,0.028062070003561694,0.056773666697226215,-0.10306678938471098,-0.05986265448539352,-0.08451821002869792,0.08856924292457173,0.4683621687921922,0.04395704381223049,0.2316348546981447,0.1801360030006277,-0.26502113375983377,-0.11363297786908028,0.2956039209727361,-0.10754835455888974,0.07197324473839961,0.3504214695156256,-0.025823206790083403,-0.2618579266937356,0.24537525282385192
Equity(441 [UAL]),-0.12077927018691495,0.4267064816024596,-0.05359347901512514,0.18164398168070214,0.017623443104486162,0.15077657227365518,-0.12657777445093885,0.030129602519272745,-0.03791899652404606,0.01360764087916666,-0.0028836710817551265,0.02462811167578498,-0.03242387536062639,-0.09032223036574874,-0.13717452470813637,0.20758840246182841,-0.09661331989389538,-0.19910292272501037,0.026724005416456892,0.13377477319567435
Equity(445 [UNH]),-0.08449277410395446,-0.002044234871994279,-0.023868101319522966,-0.05907545522108004,0.0703122011866055,-0.05635819422484942,0.07709771755815875,-0.03949010510122557,-0.14086792646706628,0.061079245039303315,0.08455168716407975,-0.10188013439889763,0.20670253010535677,0.027521405634005153,-0.029451936419506095,-0.11956706541342191,0.0634896770665781,-0.1046735035615796,0.27586177795632094,0.09170618493717418
Equity(447 [UNP]),-0.10024619773238735,-0.022142110538983892,-0.025641155144102947,0.03403379207910092,0.013692427631135734,-0.005147873904887461,-0.012418057979466542,0.008329609983919366,-0.05231683619127259,-0.01893504398670212,0.001543238585808179,0.001761091117015739,-0.0023581928591523316,0.012995793303733745,-0.007264897143328553,0.007715970480709865,0.005497965861417917,-0.014907668229551242,-0.056652601864675765,-0.056941805959140904
Equity(448 [UPS]),-0.07202708072192908,0.006820052535101938,-0.015391893701717686,0.011216527592289425,0.03901331111548883,-0.04448812944180974,-0.012582164418970539,-0.025362432595581273,-0.04513762252789041,0.026410033298427223,-0.024378636498499247,0.03756863719633305,-0.0032201532102300694,-0.012538047755810069,-0.01665560472048325,-0.026745552106546538,0.026556492154000612,-0.019253857701133855,-0.03511126584233296,-0.052808676947523114
Equity(450 [USB]),-0.09900511511552698,-0.006878935548191897,-0.05249809714665167,0.03445571704968128,0.0800005395381389,-0.09090565342234948,0.07738542655659852,-0.0013888372547146363,0.06483984041595968,-0.03595302095346514,0.002303313036813258,-0.004547128207845089,0.023428284133415342,-0.004602741854671198,0.0010374650063022899,0.010814889431954168,-0.02760253028274877,0.015742647871631727,-0.0144363676381086,0.023477621273987594
Equity(451 [UTX]),-0.09048426137333311,-0.021149391138999444,-0.03304558962327468,-0.005246220556268251,0.03765696051533831,-0.059362830106791976,-0.017749459567904132,0.005877764311828076,-0.04165441545834586,-0.012028925006207787,-0.030919334411628262,0.036195500830971186,-0.04035393435249863,-0.025518782279555834,0.0003776375606135869,-0.00999723944958738,0.0527728394324089,-0.03821865265433026,-0.046253648683813396,-0.08236550603238893
Equity(452 [V]),-0.09071856253568529,0.0005358344231272722,0.0010604649877613552,-0.05305562193586877,0.021312480942074403,-0.05104631428396529,-0.0146136143284779,0.036462208637731655,0.021177007199830747,0.011905646954441417,0.012133748221742437,0.029675849155540873,-0.027474605872054855,-0.04416488669779617,0.08724409808375605,0.01439175526923829,-0.04817144888283481,-0.025993510136710925,-0.015569731512860879,0.025087217363515185
Equity(456 [VLO]),-0.13312568187787713,-0.059505050577793636,0.016190624821252275,0.02980908835448209,0.0444687810619639,0.09210148097231617,0.031156936106173108,0.03702162039475105,-0.0005654603062455003,-0.12145673691175356,0.053694978512675115,-0.11262504074739985,-0.09739584633963806,0.13150670506086454,0.5543891204332678,0.5413113844823747,0.035613386674815034,0.06547415530488052,0.2542186989749877,-0.09777157586489928
Equity(465 [WBA]),-0.0693566370074309,0.01681552078501713,-0.018027718708037103,-0.0668513434011167,0.02604869431705484,-0.051953801428376134,-0.022486427549911057,-0.013884373418085362,-0.12496626610737915,0.07385414752908645,0.0003296161814210834,-0.006304374846150274,0.031112910753230177,-0.03907139318079579,-9.850964787099653e-05,-0.11792744814909377,-0.07337184260547366,-0.0789886330286198,-0.24301876241426595,0.02268488735044751
Equity(468 [WFC]),-0.1106289176373037,-0.015615983169561058,-0.05514137247651876,0.04461910104761756,0.09387048361058713,-0.09679863111274684,0.07329096290860222,-0.007579817912302233,0.10024855042246339,-0.06781544654239025,0.008054708815337434,0.0033392042050606335,0.018413843437462635,-0.008631694196251717,-0.007722651621132157,-0.001857785392238187,-0.03647504735904486,-0.012329479252070858,-0.03637195512229492,0.019844507808294037
Equity(472 [WMB]),-0.1220861335844544,-0.10592488172206886,-0.00712792075584927,0.06653610625756967,0.02556512256213533,0.17389313089567657,-0.08240728142460137,0.10748693312008396,-0.09805897677266617,0.0532417017052093,0.11390084303843591,-0.0486631214309556,0.04060921952226558,0.006485572235023235,0.05123894024712071,-0.06617082792177438,-0.29258573237215774,0.5303396750210054,-0.01115415370086803,0.311573369862956
Equity(473 [WMT]),-0.04341844701657625,0.015730871234690386,-0.0286353601100651,-0.025198430431115422,0.07747439402086499,-0.06566063448884028,-0.040600590227123055,-0.032029949572683174,-0.060112887243615847,0.03310905971233621,0.020472401046405207,0.038373734244912805,-0.022000043122053697,0.02778417487945952,0.02573354231372292,-0.029474736065333323,0.005757000584182388,0.01424005924707145,-0.05336192860208527,-0.030091707379210995
Equity(483 [XOM]),-0.08235514323679473,-0.08808380306647519,-0.021447641150179334,0.023740395239252365,0.04367837179655879,0.02995155767759124,-0.03292364372708249,-0.03237179511248421,-0.03192811104812451,0.03516576814936525,-0.032174595733023933,0.009616586600870065,0.012257987038474954,-0.05283658180105215,0.019295446161665203,0.013976625526714193,0.013631243588172637,0.006535029357681174,-0.0028934528525428977,-0.02230135407278471
